{"5.6512,-0.1888,5.6507,-0.1892":[164.5,37.4],"5.650708824486976,-0.18096512514626895,5.6427798,-0.1855086":[1278.5,210.3],"5.65279954129461,-0.18896860853388794,5.651087178905147,-0.18742865977670714":[434.7,84.3],"5.652,-0.1885,5.6521,-0.1884":[11.1,1.7],"5.6516,-0.1891,5.6505,-0.1875":[304.8,47.6],"5.6632559,-0.1799969,5.6368392,-0.1854012":[3862.3,453.4],"5.6518,-0.1885,5.651,-0.1885":[268.1,44.1],"5.6427798,-0.1855086,5.6511292,-0.1870251":[1453.7,225.7],"5.650678,-0.196216,5.6493174,-0.1884401":[1339.8,207.2],"5.6525,-0.1878,5.65,-0.1895":[452.9,72.3],"5.6522,-0.189,5.65218725,-0.18806457576628352":[269.6,55.6],"5.651,-0.1885,5.6507,-0.1892":[79,11.9],"5.6511292,-0.1870251,5.6505213,-0.192648":[972.5,151.9],"5.6509,-0.1892,5.6505,-0.188":[172.1,27.5],"5.6505213,-0.192648,5.6525,-0.1875":[1106.7,179.7],"5.650188842548195,-0.1819559681967906,5.6550778,-0.1867541":[988.3,153.3],"5.6511,-0.1885,5.64659785,-0.18800395110458934":[655.3,106.4],"5.6631104,-0.1818104,5.6368392,-0.1854012":[4197.6,501.7],"5.6493174,-0.1884401,5.64659785,-0.18800395110458934":[294,45.6],"5.6512,-0.1888,5.6421513,-0.1856043":[1477.3,237.5],"5.65,-0.1895,5.6507,-0.1892":[134.9,27.5],"5.6509,-0.1892,5.6516,-0.1891":[77.4,11.8],"5.6498,-0.1885,5.6494,-0.1881":[442,75.6],"5.6517282,-0.1894806,5.6415498,-0.1860022":[1668.4,250.1],"5.6495,-0.191,5.65,-0.19":[121.1,25.2],"5.6511292,-0.1870251,5.654705726025264,-0.18388250574082665":[952.6,154.3],"5.651,-0.1885,5.6506,-0.1889":[120,18.1],"5.6427798,-0.1855086,5.6511,-0.1885":[1488.6,220.5],"5.652,-0.1888,5.6518,-0.1889":[14.5,2.1],"5.6427798,-0.1855086,5.650678,-0.196216":[2180.5,335.8],"5.6495,-0.191,5.6455967,-0.1800598":[1836.6,251.7],"5.652,-0.1885,5.6535,-0.187":[358.5,66.7],"5.6495,-0.191,5.6514,-0.1888":[466.3,83.4],"5.6493174,-0.1884401,5.645551639414955,-0.1862383514778894":[686.1,104.8],"5.652,-0.1888,5.6523,-0.1887":[140.9,24.5],"5.6631104,-0.1818104,5.6421513,-0.1856043":[2728.8,415.6],"5.6508,-0.1888,5.6515,-0.1882":[245.1,45.5],"5.6517282,-0.1894806,5.6505213,-0.192648":[828.6,131.6],"5.652,-0.1885,5.6525,-0.1878":[146.6,27.6],"5.6515,-0.189,5.65,-0.1895":[219.3,42.7],"5.650188842548195,-0.1819559681967906,5.65218725,-0.18806457576628352":[876.9,137.9],"5.6515,-0.1882,5.652,-0.1885":[34.9,5.3],"5.6368392,-0.1854012,5.6421513,-0.1856043":[688.2,87.8],"5.6516,-0.1891,5.655379839860578,-0.18302215256588011":[1088.8,188.8],"5.6518,-0.1885,5.6519,-0.1891":[124.6,21.9],"5.645551639414955,-0.1862383514778894,5.650447987120466,-0.18570665978470047":[877.7,147.1],"5.6509,-0.1892,5.6535,-0.187":[526.9,86.7],"5.6515,-0.189,5.6368392,-0.1854012":[2115.4,315.3],"5.6495,-0.191,5.649,-0.1915":[71.7,10.8],"5.650173096628319,-0.18362565219508514,5.6368392,-0.1854012":[1915.8,276.1],"5.64337360867571,-0.18577521663729699,5.643238460650406,-0.18641781564376692":[66.1,14.9],"5.6493174,-0.1884401,5.6421513,-0.1856043":[1083.9,162.7],"5.6511,-0.1885,5.6519,-0.1891":[192,29.9],"5.6495,-0.191,5.6396227,-0.1694208":[3582.1,419.7],"5.6501,-0.1875,5.6368392,-0.1854012":[1874,272.7],"5.6459401,-0.187069,5.6489767,-0.1856624":[912.3,162.3],"5.6495,-0.191,5.6427798,-0.1855086":[1299.3,216.4],"5.6511292,-0.1870251,5.63902695,-0.18008507481749572":[2399.5,299.6],"5.651072925868113,-0.18188925946844406,5.65218725,-0.18806457576628352":[834.6,128.1],"5.651,-0.1885,5.6508,-0.1888":[33.3,5],"5.6489767,-0.1856624,5.6517282,-0.1894806":[808.2,129.8],"5.6506,-0.1872,5.65,-0.1895":[452.1,70.4],"5.650447987120466,-0.18570665978470047,5.6517282,-0.1894806":[698.6,106.8],"5.653,-0.19,5.6535,-0.187":[374.6,61.5],"5.6505213,-0.192648,5.6517282,-0.1894806":[847.1,134.5],"5.6368392,-0.1854012,5.643238460650406,-0.18641781564376692":[851,110.7],"5.6535,-0.187,5.6525,-0.1875":[458.4,92],"5.6516,-0.1891,5.6555768,-0.1828086":[1171.4,183.4],"5.65383030108746,-0.18206039198784751,5.6505213,-0.192648":[1834.2,285.6],"5.6509624,-0.1883361,5.6550778,-0.1867541":[952.4,145],"5.65279954129461,-0.18896860853388794,5.6511659,-0.1874726":[425.9,83],"5.6496,-0.1878,5.65,-0.1895":[538.6,89.1],"5.6528087,-0.188627,5.6511659,-0.1874726":[499.3,88.5],"5.637016,-0.1829065,5.6505213,-0.192648":[2414.6,346.2],"5.6368392,-0.1854012,5.6374503,-0.1843103":[373.4,70.6],"5.6374503,-0.1843103,5.6353136,-0.1881403":[720.5,129.2],"5.6509624,-0.1883361,5.65218725,-0.18806457576628352":[373.1,70.2],"5.6512,-0.1895,5.6521,-0.1892":[99.7,15.1],"5.6514,-0.1888,5.6518,-0.1885":[82.7,12.4],"5.6493174,-0.1884401,5.6459401,-0.187069":[593.8,90.8],"5.6501,-0.1875,5.65,-0.1895":[609.2,96.8],"5.650188842548195,-0.1819559681967906,5.6552182038904135,-0.18658617229274124":[994.7,154.3],"5.650678,-0.196216,5.64659785,-0.18800395110458934":[1382.5,211.9],"5.654705726025264,-0.18388250574082665,5.655379839860578,-0.18302215256588011":[138.1,29.1],"5.6514,-0.1888,5.6509,-0.1892":[111.2,27.9],"5.650708824486976,-0.18096512514626895,5.640983749213432,-0.17894479009152092":[1266.8,129.2],"5.6493174,-0.1884401,5.643238460650406,-0.18641781564376692":[990.3,157.6],"5.65,-0.1895,5.6498,-0.1885":[61.5,11.5],"5.6535,-0.187,5.652,-0.1885":[577.5,106.7],"5.6511292,-0.1870251,5.6516,-0.1891":[346.8,53.5],"5.6517282,-0.1894806,5.6559684,-0.19047192615807346":[640.1,107.1],"5.6522,-0.189,5.6523,-0.1887":[10.9,1.7],"5.6415498,-0.1860022,5.6368392,-0.1854012":[659.7,95.5],"5.6514,-0.1888,5.6511,-0.1885":[350.8,56.5],"5.650708824486976,-0.18096512514626895,5.648163476878036,-0.18103157276308554":[363.7,67.8],"5.6631104,-0.1818104,5.643238460650406,-0.18641781564376692":[2635.3,410.5],"5.6496,-0.1878,5.6507,-0.1892":[492.7,78.9]}